<?xml version="1.0" encoding="UTF-8"?>
<Configuration status="WARN">
    <Appenders>
        <Console name="Console" target="SYSTEM_OUT">
            <PatternLayout pattern="%d{yyyy-MM-dd HH:mm:ss.SSS} [%t] %-5level %logger{36} - %msg%n"/>
        </Console>
        
        <RollingFile name="File" fileName="logs/demo1.log"
                     filePattern="logs/demo1-%d{yyyy-MM-dd}-%i.log">
            <PatternLayout pattern="%d{yyyy-MM-dd HH:mm:ss.SSS} [%t] %-5level %logger{36} - %msg%n"/>
            <Policies>
                <TimeBasedTriggeringPolicy/>
                <SizeBasedTriggeringPolicy size="10 MB"/>
            </Policies>
            <DefaultRolloverStrategy max="10"/>
        </RollingFile>
    </Appenders>
    
    <Loggers>
        <Root level="info">
            <AppenderRef ref="Console"/>
            <AppenderRef ref="File"/>
        </Root>
        
        <Logger name="com.alibaba.druid" level="info" additivity="false">
            <AppenderRef ref="Console"/>
            <AppenderRef ref="File"/>
        </Logger>
    </Loggers>
</Configuration>